{"Par\u00e2metros": {"N\u00famero de cidades": 5, "K": 6, "N": 100, "T0": 10, "epsilon": 1}, "Resultados": {"X": [3, 1, 2, 0, 4], "J": 14.106846055019354, "Tempos": {"Total": 0.014495611190795898, "Custo": 3.2120545705159504e-05, "Pertuba\u00e7\u00e3o": 1.665194829305013e-05, "Passo": 4.804134368896485e-07, "Temperatura": 0.0023637612660725913}}, "Hist\u00f3rico": {"X inicial": [2, 3, 1, 0, 4], "J": [16.28647363903544, 16.28647363903544, 18.46610122305152, 14.106846055019355, 18.46610122305152, 22.825356391083687], "X": [[2.0, 1.0, 3.0, 0.0, 4.0], [4.0, 2.0, 1.0, 3.0, 0.0], [2.0, 1.0, 3.0, 4.0, 0.0], [4.0, 3.0, 0.0, 1.0, 2.0], [3.0, 0.0, 1.0, 4.0, 2.0], [1.0, 4.0, 2.0, 3.0, 0.0]], "Transi\u00e7\u00f5es": {"k": [0, 1, 2, 3, 4, 5], "jmin": [14.106846055019354, 14.106846055019354, 14.106846055019354, 14.106846055019354, 14.106846055019354, 14.106846055019354], "jx": [16.28647363903544, 22.825356391083687, 18.466101223051524, 18.46610122305152, 20.645728807067606, 18.46610122305152], "xmin": [[3, 1, 2, 0, 4], [3, 1, 2, 0, 4], [3, 1, 2, 0, 4], [3, 1, 2, 0, 4], [3, 1, 2, 0, 4], [3, 1, 2, 0, 4]], "x": [[4, 2, 1, 3, 0], [2, 1, 3, 0, 4], [3, 4, 0, 1, 2], [3, 0, 1, 4, 2], [2, 4, 1, 3, 0], [2, 4, 1, 3, 0]]}}}